adviser_id,adviser_name,region,band,start_date
A001,Noah Brown,Scotland,A,2020-08-16
A002,Alex Hall,Wales,A,2021-08-24
A003,Chris White,Midlands,A,2022-06-09
A004,Casey Brown,Wales,A,2020-11-19
A005,Charlie Wright,Wales,B,2022-07-18
A006,Taylor Moore,South,B,2020-01-07
A007,Freya Jones,Midlands,A,2025-05-07
A008,Alex Williams,Midlands,A,2024-01-18
A009,Sam White,Midlands,A,2024-11-28
A010,Grace Scott,Wales,B,2024-01-13
A011,Alex Wright,Scotland,B,2021-06-23
A012,Sam Wright,Midlands,B,2025-06-13
A013,Freya White,Wales,C,2022-10-22
A014,Amelia Moore,South,B,2024-04-09
A015,Riley Smith,Scotland,C,2020-12-31
A016,Poppy Wilson,South,C,2022-11-05
A017,George Clarke,Scotland,B,2025-02-12
A018,Ava Hall,Wales,A,2020-08-05
A019,Casey Thompson,North,B,2024-11-17
A020,Poppy Walker,Scotland,B,2023-07-04
A021,Morgan Williams,South,B,2021-09-03
A022,Isla Brown,Wales,B,2024-09-19
A023,Olivia Harris,Scotland,A,2023-08-01
A024,Oliver Hall,North,B,2022-11-05
A025,Ella Jones,North,B,2023-06-01
A026,Mia Robinson,Midlands,C,2021-02-11
A027,Harry Brown,Midlands,C,2020-11-09
A028,Jacob Lewis,South,B,2022-02-04
A029,Taylor Wright,Scotland,A,2024-04-10
A030,Cameron Scott,Scotland,A,2020-11-26
A031,Leo Harris,Midlands,A,2023-01-09
A032,Jack Thompson,Scotland,B,2025-05-06
A033,George Williams,Scotland,A,2024-05-13
A034,Jordan White,North,B,2025-03-04
A035,Poppy Green,Midlands,A,2022-12-22
A036,Taylor White,Wales,C,2025-02-24
A037,Rosie Brown,Midlands,B,2020-01-02
A038,Isla Hall,Wales,B,2023-05-11
A039,Amelia Harris,North,B,2021-10-25
A040,Jamie Harris,South,A,2022-09-27
A041,Olivia Thompson,Scotland,B,2020-02-09
A042,Charlie Hall,North,B,2020-08-17
A043,George Williams,Scotland,A,2025-03-17
A044,Oliver Wilson,South,C,2022-01-13
A045,Harry White,South,B,2024-12-04
A046,Jamie Robinson,North,B,2024-08-30
A047,Isla Hall,South,C,2024-07-10
A048,Jacob Wright,Wales,B,2021-09-21
A049,Chris Walker,South,A,2021-05-05
A050,Evie Jones,Scotland,A,2020-04-28
A051,Chris Jones,Scotland,B,2021-05-08
A052,Ella Walker,Scotland,A,2024-12-03
A053,Isla Hall,Scotland,B,2023-03-07
A054,Taylor Thompson,Wales,C,2025-04-23
A055,Jacob Moore,Midlands,B,2020-06-10
A056,Leo Walker,North,A,2020-06-24
A057,Sam Young,Scotland,B,2024-02-07
A058,Isla Robinson,South,C,2022-09-22
A059,Casey Hall,Scotland,A,2024-07-29
A060,Casey White,South,B,2020-05-21
A061,Mia Wright,South,A,2025-06-25
A062,Harry Hall,Scotland,B,2024-04-06
A063,Mia Moore,Wales,B,2022-12-26
A064,Freya Moore,South,A,2024-04-17
A065,Isla Harris,South,B,2020-09-14
A066,Chris Taylor,Scotland,B,2020-09-19
A067,Grace Young,South,B,2023-09-13
A068,Taylor Jones,South,A,2022-08-31
A069,Rosie Brown,Scotland,A,2025-04-23
A070,Casey Wilson,Scotland,A,2023-01-30
A071,Ella Clarke,North,A,2020-12-04
A072,Oliver Williams,Wales,B,2021-06-26
A073,Isla Lewis,Wales,B,2022-12-16
A074,Oliver Robinson,South,A,2024-11-21
A075,Grace Hall,Wales,A,2023-05-27
A076,Harry Smith,South,A,2022-05-16
A077,Charlie Brown,North,B,2025-05-29
A078,Charlie Wright,Scotland,B,2021-03-09
A079,Poppy Hall,Scotland,A,2025-03-17
A080,Poppy Walker,Scotland,C,2023-01-09
